<?xml version="1.0" encoding="UTF-8"?>
<beans xmlns="http://www.springframework.org/schema/beans"
       xmlns:xsi="http://www.w3.org/2001/XMLSchema-instance"
       xmlns:context="http://www.springframework.org/schema/context"
       xmlns:mvc="http://www.springframework.org/schema/mvc"
       xsi:schemaLocation="http://www.springframework.org/schema/beans http://www.springframework.org/schema/beans/spring-beans.xsd http://www.springframework.org/schema/context http://www.springframework.org/schema/context/spring-context.xsd http://www.springframework.org/schema/mvc http://www.springframework.org/schema/mvc/spring-mvc.xsd">
    <!--此文件负责整个mvc中的配置-->

    <!--启用spring的一些annotation -->
    <context:annotation-config/>

    <!-- 配置注解驱动 可以将request参数与绑定到controller参数上 -->
    <mvc:annotation-driven/>

    <!--静态资源映射-->
    <!--本项目把静态资源放在了webapp的statics目录下，资源映射如下-->
    <mvc:resources mapping="/css/**" location="/static/css/"/>
    <mvc:resources mapping="/js/**" location="/static/js/"/>
    <mvc:resources mapping="/img/**" location="/static/img/"/>
    <mvc:default-servlet-handler />  <!--这句要加上，要不然可能会访问不到静态资源，具体作用自行百度-->

    <bean id="defaultViewResolver" class="org.springframework.web.servlet.view.InternalResourceViewResolver">
        <property name="viewClass" value="org.springframework.web.servlet.view.JstlView"/>
        <property name="prefix" value="/views/"/><!--设置JSP文件的目录位置-->
        <property name="suffix" value=".jsp"/>
        <property name="exposeContextBeansAsAttributes" value="true"/>
    </bean>

    <!-- 自动扫描装配 -->
    <context:component-scan base-package="com.cmcm.adsCenter"/>
</beans>