<?xml version="1.0" encoding="UTF-8"?>
<!DOCTYPE mapper PUBLIC "-//mybatis.org//DTD Mapper 3.0//EN"
        "http://mybatis.org/dtd/mybatis-3-mapper.dtd">
<mapper namespace="com.cmcm.adsCenter.module.appInfo.dao.appInfoDao">
    <!--设置domain类和数据库中表的字段一一对应，注意数据库字段和domain类中的字段名称不致，此处一定要！-->
    <resultMap id="BaseResultMap" type="com.cmcm.adsCenter.module.appInfo.domain.AppInfo">
        <id column="user_id" property="user_id" jdbcType="CHAR" />
        <result column="big_pic" property="big_pic" jdbcType="CHAR" />
        <result column="bname" property="bname" jdbcType="CHAR" />
        <result column="button_id" property="button_id" jdbcType="CHAR" />
        <result column="button_txt" property="button_txt" jdbcType="CHAR" />
        <result column="flow_perc" property="flow_perc" jdbcType="CHAR" />
        <result column="h5_ad_type" property="h5_ad_type" jdbcType="CHAR" />
        <result column="html_content" property="html_content" jdbcType="CHAR" />
        <result column="icon_url" property="icon_url" jdbcType="CHAR" />
        <result column="idea_ct" property="idea_ct" jdbcType="CHAR"/>
        <result column="idea_desc" property="idea_desc" jdbcType="CHAR"/>
        <result column="idea_mt" property="idea_mt" jdbcType="CHAR" />
        <result column="is_lbs" property="is_lbs" jdbcType="CHAR" />
        <result column="is_richtext" property="is_richtext" jdbcType="CHAR" />
        <result column="is_top" property="is_top" jdbcType="CHAR"/>
        <result column="lp_url" property="lp_url" jdbcType="CHAR"/>
        <result column="se_lan" property="se_lan" jdbcType="CHAR" />
        <result column="title" property="title" jdbcType="CHAR"/>
        <result column="unit_price" property="unit_price" jdbcType="CHAR" />
        <result column="user_id" property="user_id" jdbcType="CHAR"/>
    </resultMap>
    <!-- 查询单条记录 -->
    <sql id="table">appInfo</sql>
    <sql id="Base_Column_List">
        big_pic, bname, button_id, button_txt, flow_perc, h5_ad_type, html_content, icon_url, idea_ct, idea_desc, idea_mt, is_lbs, is_top, lp_url, se_lan, title, unit_price, user_id, is_richtext
    </sql>
    <select id="selectByPrimaryKey" parameterType="String" resultMap="BaseResultMap">
        SELECT * FROM appInfo WHERE USER_ID = #{userId}
    </select>
    <select id="findAll" resultMap="BaseResultMap">
        SELECT * FROM appInfo
    </select>
    <insert id="insert" parameterType="com.cmcm.adsCenter.module.appInfo.domain.AppInfo">
        INSERT INTO appinfo(big_pic, bname, button_id, button_txt, flow_perc, h5_ad_type, html_content, icon_url, idea_ct, idea_desc, idea_mt, is_lbs, is_top, lp_url, se_lan, title, unit_price, user_id, is_richtext)
        VALUES
        (#{big_pic}, #{bname}, #{button_id}, #{button_txt}, #{flow_perc}, #{h5_ad_type}, #{html_content}, #{icon_url}, #{idea_ct}, #{idea_desc}, #{idea_mt}, #{is_lbs}, #{is_top}, #{lp_url}, #{se_lan}, #{title}, #{unit_price}, #{user_id}, #{is_richtext})
    </insert>
</mapper>