<?xml version="1.0" encoding="UTF-8"?>
<!DOCTYPE mapper PUBLIC "-//mybatis.org//DTD Mapper 3.0//EN"
        "http://mybatis.org/dtd/mybatis-3-mapper.dtd">
<mapper namespace="com.cmcm.adsCenter.module.triggerInfo.dao.triggerInfoDao">
    <!--设置domain类和数据库中表的字段一一对应，注意数据库字段和domain类中的字段名称不致，此处一定要！-->
    <resultMap id="BaseResultMap" type="com.cmcm.adsCenter.module.triggerInfo.domain.TriggerInfo">
        <id column="user_id" property="user_id" jdbcType="CHAR" />
        <result column="ad_type" property="ad_type" jdbcType="INTEGER" />
        <result column="age" property="age" jdbcType="INTEGER" />
        <result column="ext_posid" property="ext_posid" jdbcType="INTEGER" />
        <result column="animation" property="animation" jdbcType="INTEGER" />
        <result column="app_behaviour" property="app_behaviour" jdbcType="INTEGER" />
        <result column="app_type" property="app_type" jdbcType="INTEGER" />
        <result column="bid_type" property="bid_type" jdbcType="INTEGER" />
        <result column="bindapp" property="bindapp" jdbcType="CHAR" />
        <result column="carrier" property="carrier" jdbcType="CHAR"/>
        <result column="channel" property="channel" jdbcType="CHAR"/>
        <result column="user_id" property="user_id" jdbcType="CHAR" />
    </resultMap>
    <!-- 查询单条记录 -->
    <select id="selectByPrimaryKey" parameterType="String" resultMap="BaseResultMap">
        SELECT * FROM triggerInfo WHERE USER_ID = #{user_id}
    </select>
    <select id="findAll" resultMap="BaseResultMap">
        SELECT * FROM triggerInfo
    </select>
    <insert id="insert" parameterType="com.cmcm.adsCenter.module.triggerInfo.domain.TriggerInfo">
        INSERT INTO triggerinfo(ad_type, age, ext_posid, animation, app_behaviour, app_type, bid_type, bindapp, carrier, channel, user_id)
        VALUES
        (#{ad_type}, #{age}, #{ext_posid}, #{animation}, #{app_behaviour}, #{app_type}, #{bid_type}, #{bindapp}, #{carrier}, #{channel}, #{user_id})
    </insert>
</mapper>